ID,Name,Basic_Multitrack_Zone_ID_List,Critical,Technical_Room_ID,Give_Take_Isolation_Zone_Characteristics_ID,SPKS_ID,Switch_Normal_ID_List,Switch_Reverse_ID_List,Signal_ID_List,Route_ID_List
1,GTIZ_RG_W_21,BMZ_RG_1_23;BMZ_RG_1_21,Not Critical,TCR_EZD_S_3B_R,GTIZC_WZ,0,0,0,SI_26_D_ZD;SI_22_U_ZD,R_35_ZD_28_ZD;R_35_ZD_28_ZD_C;R_39_ZD_24_ZD;R_39_ZD_24_ZD_C;R_133D_ZD_24D_ZD;R_142D_ZD_24D_ZD;R_152D_ZD_24D_ZD;R_161D_ZD_24D_ZD;R_133D_ZD_24D_ZD_C;R_142D_ZD_24D_ZD_C;R_152D_ZD_24D_ZD_C;R_161D_ZD_24D_ZD_C
2,GTIZ_RG_W_25,BMZ_RG_1_25,Not Critical,TCR_EZD_S_3B_R,GTIZC_WZ,0,0,0,SI_2_D_HDS,R_35_ZD_28_ZD;R_35_ZD_28_ZD_C;R_24_ZD_28_ZD;R_24_ZD_28_ZD_C
3,GTIZ_RG_W_27,BMZ_RG_1_27,Not Critical,TCR_EZD_S_3B_R,GTIZC_WZ,0,0,0,SI_2_D_HDS;SI_30_U_ZD,0
4,GTIZ_RG_W_29,BMZ_RG_1_29,Not Critical,TCR_HDS_S_3B_R,GTIZC_WZ,0,0,0,SI_2_D_HDS;SI_30_U_ZD,0
5,GTIZ_RG_W_31,BMZ_RG_1_31;BMZ_RG_1_33,Not Critical,TCR_HDS_S_3B_R,GTIZC_WZ,0,0,0,SI_6_D_HDS;SI_30_U_ZD,R_7_HDS_4_HDS;R_3_HDS_8_HDS;R_7_HDS_4_HDS_C;R_3_HDS_8_HDS_C
6,GTIZ_RG_W_41,BMZ_RG_1_35;BMZ_RG_1_41,Not Critical,TCR_HDS_S_3B_R,GTIZC_WZ,0,0,0,SI_10_D_HDS;SI_6_U_HDS,R_3_HDS_8_HDS;R_7_HDS_4_HDS;R_3_HDS_8_HDS_C;R_7_HDS_4_HDS_C
7,GTIZ_RG_W_51,BMZ_RG_1_43;BMZ_RG_1_51;BMZ_RG_1_53,Not Critical,TCR_HDS_S_3B_R,GTIZC_WZ,0,0,0,SI_10_U_HDS;SI_14_D_HDS,R_101A_HDS_12_HDS;R_101A_HDS_12_HDS_C
8,GTIZ_RG_W_61,BMZ_RG_1_61,Not Critical,TCR_VLN_S_3B_R,GTIZC_WZ,0,0,0,SI_18_U_HDS;SI_4_D_VLN,R_101D_HDS_2_VLN;R_101D_HDS_2_VLN_C
9,GTIZ_RG_W_71,BMZ_RG_1_63;BMZ_RG_1_71;BMZ_RG_1_73;BMZ_RG_1_75,Not Critical,TCR_VLN_S_3B_R,GTIZC_WZ,0,0,0,SI_4_U_VLN,R_9_VLN_6_VLN;R_9_VLN_6_VLN_C;R_10_VLN_6_VLN;R_10_VLN_6_VLN_C
10,GTIZ_RG_W_81,BMZ_RG_1_81;BMZ_RG_1_83,Not Critical,TCR_VLN_S_3B_R,GTIZC_WZ,0,0,0,SI_12_D_VLN,R_13_VLN_10_VLN;R_13_VLN_10_VLN_C;R_5_VLN_10_VLN;R_5_VLN_10_VLN_C;R_6_VLN_10_VLN;R_6_VLN_10_VLN_C
11,GTIZ_RG_W_91,BMZ_RG_1_85;BMZ_RG_1_91,Not Critical,TCR_VLN_S_3B_R,GTIZC_WZ,0,0,0,SI_12_U_VLN,R_9_VLN_22_VLN;R_9_VLN_22_VLN_C;R_13_VLN_10_VLN;R_13_VLN_10_VLN_C;R_3_ITW_14_VLN;R_3_ITW_14_VLN_C;R_4_ITW_14_VLN;R_4_ITW_14_VLN_C
12,GTIZ_RG_W_93,BMZ_RG_1_93;BMZ_RG_1_95,Not Critical,TCR_ITW_S_3B_R,GTIZC_WZ,0,0,0,SI_2_U_ITW,R_4_ITW_14_VLN;R_4_ITW_14_VLN_C;R_3_ITW_14_VLN;R_3_ITW_14_VLN_C
13,GTIZ_RG_W_57,BMZ_RG_3_57,Not Critical,TCR_HDS_S_3B_R,GTIZC_WZ,0,0,0,0,R_11_HDS_101D_HDS;R_11_HDS_101D_HDS_C;R_12_HDS_101D_HDS;R_12_HDS_101D_HDS_C;R_1_VLN_101A_HDS;R_1_VLN_101A_HDS_C;R_2_VLN_101A_HDS;R_2_VLN_101A_HDS_C
14,GTIZ_RG_W_22,BMZ_RG_2_22;BMZ_RG_2_24,Not Critical,TCR_EZD_S_3B_R,GTIZC_WZ,0,0,0,SI_37_U_ZD;SI_1_D_HDS,R_24_ZD_39_ZD;R_24_ZD_39_ZD_C;R_28_ZD_29_ZD
15,GTIZ_RG_W_26,BMZ_RG_2_26,Not Critical,TCR_EZD_S_3B_R,GTIZC_WZ,0,0,0,SI_41_U_ZD;SI_1_D_HDS,0
16,GTIZ_RG_W_28,BMZ_RG_2_28,Not Critical,TCR_HDS_S_3B_R,GTIZC_WZ,0,0,0,SI_41_U_ZD;SI_1_D_HDS,0
17,GTIZ_RG_W_30,BMZ_RG_2_30;BMZ_RG_2_32,Not Critical,TCR_HDS_S_3B_R,GTIZC_WZ,0,0,0,SI_41_U_ZD,R_8_HDS_3_HDS;R_8_HDS_3_HDS_C;R_7_HDS_3_HDS;R_7_HDS_3_HDS_C
18,GTIZ_RG_W_40,BMZ_RG_2_40;BMZ_RG_2_42,Not Critical,TCR_HDS_S_3B_R,GTIZC_WZ,0,0,0,SI_9_D_HDS,R_4_HDS_7_HDS;R_4_HDS_7_HDS_C;R_3_HDS_7_HDS;R_3_HDS_7_HDS_C
19,GTIZ_RG_W_50,BMZ_RG_2_50;BMZ_RG_2_52,Not Critical,TCR_HDS_S_3B_R,GTIZC_WZ,0,0,0,SI_9_U_HDS;SI_13_D_HDS,R_101A_HDS_11_HDS;R_101A_HDS_11_HDS_C
20,GTIZ_RG_W_60,BMZ_RG_2_60;BMZ_RG_2_62,Not Critical,TCR_VLN_S_3B_R,GTIZC_WZ,0,0,0,SI_3_D_VLN;SI_17_U_HDS,R_101D_HDS_1_VLN;R_101D_HDS_1_VLN_C
21,GTIZ_RG_W_70,BMZ_RG_2_70;BMZ_RG_2_72;BMZ_RG_2_74,Not Critical,TCR_VLN_S_3B_R,GTIZC_WZ,0,0,0,SI_3_U_VLN;SI_7_D_VLN,R_10_VLN_5_VLN;R_10_VLN_5_VLN_C;R_6_VLN_9_VLN;R_6_VLN_9_VLN_C
22,GTIZ_RG_W_80,BMZ_RG_2_76;BMZ_RG_2_80;BMZ_RG_2_82,Not Critical,TCR_VLN_S_3B_R,GTIZC_WZ,0,0,0,SI_7_U_VLN,R_10_VLN_5_VLN;R_10_VLN_5_VLN_C;R_6_VLN_9_VLN;R_6_VLN_9_VLN_C;R_14_VLN_9_VLN;R_14_VLN_9_VLN_C;R_13_VLN_9_VLN;R_13_VLN_9_VLN_C
23,GTIZ_RG_W_90,BMZ_RG_2_84;BMZ_RG_2_90,Not Critical,TCR_VLN_S_3B_R,GTIZC_WZ,0,0,0,SI_11_U_VLN,R_10_VLN_13_VLN;R_10_VLN_13_VLN_C;R_14_VLN_9_VLN;R_14_VLN_9_VLN_C;R_4_ITW_13_VLN;R_4_ITW_13_VLN_C;R_3_ITW_13_VLN;R_3_ITW_13_VLN_C
24,GTIZ_RG_W_92,BMZ_RG_2_92;BMZ_RG_2_94,Not Critical,TCR_ITW_S_3B_R,GTIZC_WZ,0,0,0,SI_1_U_ITW;SI_1_D_ITW,R_4_ITW_13_VLN;R_4_ITW_13_VLN_C;R_22_VLN_3_ITW;R_22_VLN_3_ITW_C
25,GTIZ_RG_W_96,BMZ_RG_2_96,Not Critical,TCR_ITW_S_3B_R,GTIZC_WZ,0,0,0,SI_1_U_ITW,R_4_ITW_13_VLN;R_4_ITW_13_VLN_C;R_22_VLN_3_ITW;R_22_VLN_3_ITW_C;R_161A_ITW_3A_ITW;R_170A_ITW_3A_ITW;R_181A_ITW_3A_ITW;R_190A_ITW_3A_ITW;R_150A_ITW_3A_ITW;R_103A_ITW_3A_ITW;R_161A_ITW_3A_ITW_C;R_170A_ITW_3A_ITW_C;R_181A_ITW_3A_ITW_C;R_190A_ITW_3A_ITW_C;R_150A_ITW_3A_ITW_C;R_103A_ITW_3A_ITW_C
26,GTIZ_RG_W_26_27,BMZ_RG_2_26;BMZ_RG_1_27,Not Critical,TCR_EZD_S_3B_R,GTIZC_MB,SPKS_RG_W_26_27,0,0,SI_2_D_HDS;SI_30_U_ZD;SI_41_U_ZD;SI_1_D_HDS,0
27,GTIZ_RG_W_55,BMZ_RG_1_55,Not Critical,TCR_HDS_S_3B_R,GTIZC_WZ,0,0,0,SI_18_D_HDS,R_101D_HDS_2_VLN;R_101D_HDS_2_VLN_C;R_12_HDS_16_HDS_C;R_12_HDS_16_HDS
28,GTIZ_RG_W_54,BMZ_RG_2_54,Not Critical,TCR_HDS_S_3B_R,GTIZC_WZ,0,0,0,SI_17_D_HDS,R_11_HDS_15_HDS;R_11_HDS_15_HDS_C;R_101D_HDS_1_VLN;R_101D_HDS_1_VLN_C
29,GTIZ_RG_W_20,BMZ_RG_2_20,Not Critical,TCR_EZD_S_3B_R,GTIZC_WZ,0,0,0,SI_27_D_ZD,R_28_ZD_29_ZD;R_39_ZD_29_ZD;R_39_ZD_29_ZD_C;R_28_ZD_29_ZD_C;R_133D_ZD_35_ZD;R_142D_ZD_35_ZD;R_152D_ZD_35_ZD;R_161D_ZD_35_ZD;R_133D_ZD_35_ZD_C;R_142D_ZD_35_ZD_C;R_152D_ZD_35_ZD_C;R_161D_ZD_35_ZD_C
30,GTIZ_RG_W_97,BMZ_RG_1_97,Not Critical,TCR_ITW_S_3B_R,GTIZC_WZ,0,0,0,0,R_22_VLN_4_ITW;R_13_VLN_4_ITW;R_13_VLN_4_ITW_C;R_22_VLN_4_ITW_C;R_161A_ITW_4A_ITW;R_170A_ITW_4A_ITW;R_181A_ITW_4A_ITW;R_190A_ITW_4A_ITW;R_161A_ITW_4A_ITW_C;R_170A_ITW_4A_ITW_C;R_181A_ITW_4A_ITW_C;R_190A_ITW_4A_ITW_C
31,GTIZ_PI_W_1,BMZ_PI_50_1;BMZ_PI_11_0;BMZ_PI_12_0;BMZ_PI_50_3;BMZ_PI_6_0;BMZ_PI_5_0;BMZ_PI_50_2,Not Critical,TCR_ITW_S_3B_R,GTIZC_WZ,0,0,0,SI_5_U_ITW,R_161A_ITW_3A_ITW;R_170A_ITW_3A_ITW;R_181A_ITW_3A_ITW;R_190A_ITW_3A_ITW;R_161A_ITW_3A_ITW_C;R_170A_ITW_3A_ITW_C;R_181A_ITW_3A_ITW_C;R_190A_ITW_3A_ITW_C
32,GTIZ_PI_W_2,BMZ_PI_4_0;BMZ_PI_3_0;BMZ_PI_50_4,Not Critical,TCR_ITW_S_3B_R,GTIZC_WZ,0,0,0,0,R_3C_ITW_161D_ITW;R_3C_ITW_170D_ITW;R_3C_ITW_181D_ITW;R_3C_ITW_190D_ITW;R_3C_ITW_161D_ITW_C;R_3C_ITW_170D_ITW_C;R_3C_ITW_181D_ITW_C;R_3C_ITW_190D_ITW_C;R_110D_ITW_161D_ITW;R_110D_ITW_170D_ITW;R_110D_ITW_181D_ITW;R_110D_ITW_190D_ITW;R_110D_161D_ITW_C;R_110D_170D_ITW_C;R_110D_181D_ITW_C;R_110D_190D_ITW_C;R_4C_ITW_161D_ITW;R_4C_ITW_170D_ITW;R_4C_ITW_161D_ITW_C;R_4C_ITW_170D_ITW_C;R_120D_ITW_161D_ITW;R_120D_ITW_170D_ITW;R_120D_161D_ITW_C;R_120D_170D_ITW_C;R_130D_ITW_161D_ITW;R_130D_ITW_170D_ITW;R_130D_161D_ITW_C;R_130D_170D_ITW_C;R_140D_ITW_161D_ITW;R_140D_ITW_170D_ITW;R_140D_161D_ITW_C;R_140D_170D_ITW_C
33,GTIZ_PI_W_3,BMZ_PI_50_5;BMZ_PI_2_0;BMZ_PI_1_0,Not Critical,TCR_ITW_S_3B_R,GTIZC_WZ,0,0,0,0,R_4C_ITW_161D_ITW;R_120D_ITW_161D_ITW;R_130D_ITW_161D_ITW;R_140D_ITW_161D_ITW;R_4C_ITW_161D_ITW_C;R_120D_161D_ITW_C;R_130D_161D_ITW_C;R_140D_161D_ITW_C;R_4C_ITW_170D_ITW;R_120D_ITW_170D_ITW;R_130D_ITW_170D_ITW;R_140D_ITW_170D_ITW;R_4C_ITW_170D_ITW_C;R_120D_170D_ITW_C;R_130D_170D_ITW_C;R_140D_170D_ITW_C;R_3C_ITW_181D_ITW;R_4C_ITW_181D_ITW;R_120D_ITW_181D_ITW;R_130D_ITW_181D_ITW;R_140D_ITW_181D_ITW;R_110D_ITW_181D_ITW;R_3C_ITW_181D_ITW_C;R_4C_ITW_181D_ITW_C;R_120D_181D_ITW_C;R_130D_181D_ITW_C;R_140D_181D_ITW_C;R_110D_181D_ITW_C;R_3C_ITW_190D_ITW;R_4C_ITW_190D_ITW;R_120D_ITW_190D_ITW;R_130D_ITW_190D_ITW;R_140D_ITW_190D_ITW;R_110D_ITW_190D_ITW;R_3C_ITW_190D_ITW_C;R_4C_ITW_190D_ITW_C;R_120D_190D_ITW_C;R_130D_190D_ITW_C;R_140D_190D_ITW_C;R_110D_190D_ITW_C
34,GTIZ_PI_W_4,BMZ_PI_7_0,Not Critical,TCR_ITW_S_3B_R,GTIZC_WZ,0,0,0,0,R_130D_ITW_132_ITW;R_140D_ITW_132_ITW;R_130D_ITW_132_ITW_C;R_140D_ITW_132_ITW_C
35,GTIZ_PI_W_5,BMZ_PI_50_6;BMZ_PI_50_8;BMZ_PI_8_0;BMZ_PI_9_0;BMZ_PI_50_7;BMZ_PI_10_0,Not Critical,TCR_ITW_S_3B_R,GTIZC_WZ,0,0,0,SI_6_U_ITW,R_161A_ITW_4A_ITW;R_170A_ITW_4A_ITW;R_181A_ITW_4A_ITW;R_190A_ITW_4A_ITW;R_161A_ITW_4A_ITW_C;R_170A_ITW_4A_ITW_C;R_181A_ITW_4A_ITW_C;R_190A_ITW_4A_ITW_C
1001,GTIZ_PN_W_1,BMZ_PN_13_0,Not Critical,TCR_ND_M_8_R,GTIZC_WZ,0,0,0,0,R_7_ND_1_ND;R_7_ND_1_ND_C
1002,GTIZ_PN_W_2,BMZ_PN_50_1,Not Critical,TCR_ND_M_8_R,GTIZC_WZ,0,0,0,SI_112_3207_U_ND;SI_112_3203A_U_ND,R_7_ND_100_ND;R_7_ND_110_ND;R_7_ND_120_ND;R_7_ND_130_ND;R_7_ND_100_ND_C;R_7_ND_110_ND_C;R_7_ND_120_ND_C;R_7_ND_130_ND_C;R_121_ND_7_ND;R_121_ND_7_ND_C;R_130_ND_7_ND;R_130_ND_7_ND_C;R_6_ND_110_ND;R_6_ND_100_ND;R_6_ND_110_ND_C;R_6_ND_100_ND_C
1003,GTIZ_PN_W_3,BMZ_PN_12_0,Not Critical,TCR_ND_M_8_R,GTIZC_WZ,0,0,0,0,R_7_ND_100_ND;R_7_ND_100_ND_C;R_6_ND_100_ND;R_6_ND_100_ND_C
1004,GTIZ_PN_W_4,BMZ_PN_23_0,Not Critical,TCR_ND_M_8_R,GTIZC_WZ,0,0,0,0,R_6_ND_2_ND;R_6_ND_2_ND_C
1005,GTIZ_PN_W_5,BMZ_PN_50_2,Not Critical,TCR_ND_M_8_R,GTIZC_WZ,0,0,0,SI_122_3201A_U_ND;SI_122_3205_U_ND,R_7_ND_120_ND;R_7_ND_120_ND_C;R_6_ND_120_ND;R_6_ND_120_ND_C;R_101_ND_6_ND;R_101_ND_6_ND_C;R_111_ND_6_ND;R_111_ND_6_ND_C;R_7_ND_130_ND;R_7_ND_130_ND_C;R_6_ND_130_ND;R_6_ND_110_ND;R_6_ND_100_ND;R_6_ND_130_ND_C;R_6_ND_110_ND_C;R_6_ND_100_ND_C
1006,GTIZ_PN_W_6,BMZ_PN_22_0,Not Critical,TCR_ND_M_8_R,GTIZC_WZ,0,0,0,0,R_7_ND_130_ND;R_7_ND_130_ND_C;R_6_ND_130_ND;R_6_ND_130_ND_C
1007,GTIZ_PN_W_7,BMZ_PN_11_0,Not Critical,TCR_ND_M_8_R,GTIZC_WZ,0,0,0,0,R_7_ND_110_ND;R_6_ND_110_ND;R_7_ND_110_ND_C;R_6_ND_110_ND_C
1008,GTIZ_PN_W_8,BMZ_PN_21_0,Not Critical,TCR_ND_M_8_R,GTIZC_WZ,0,0,0,0,R_7_ND_120_ND;R_6_ND_120_ND;R_7_ND_120_ND_C;R_6_ND_120_ND_C
1009,GTIZ_NZ_W_11,BMZ_NZ_1_11,Not Critical,TCR_ND_M_8_R,GTIZC_WZ,0,0,0,SI_5_U_ND,R_101_ND_7_ND;R_111_ND_7_ND;R_121_ND_7_ND;R_130_ND_7_ND;R_130_ND_7_ND_C;R_101_ND_7_ND_C;R_111_ND_7_ND_C;R_121_ND_7_ND_C;R_1_CSN_7_ND;R_2_CSN_7_ND;R_1_CSN_7_ND_C;R_2_CSN_7_ND_C
1010,GTIZ_NZ_W_13,BMZ_NZ_1_13,Not Critical,TCR_ND_M_8_R,GTIZC_WZ,0,0,0,SI_9_D_ND,R_7_ND_1_CSN;R_6_ND_1_CSN;R_7_ND_1_CSN_C;R_6_ND_1_CSN_C
1011,GTIZ_NZ_W_10,BMZ_NZ_2_10;BMZ_NZ_2_12,Not Critical,TCR_ND_M_8_R,GTIZC_WZ,0,0,0,SI_8_D_ND;SI_4_U_ND,R_1_CSN_6_ND;R_1_CSN_6_ND_C;R_111_ND_6_ND;R_121_ND_6_ND;R_130_ND_6_ND;R_101_ND_6_ND;R_101_ND_6_ND_C;R_111_ND_6_ND_C;R_121_ND_6_ND_C;R_130_ND_6_ND_C
1012,GTIZ_NZ_W_14,BMZ_NZ_2_14;BMZ_NZ_2_16,Not Critical,TCR_ND_M_8_R,GTIZC_WZ,0,0,0,SI_8_D_ND;SI_8_U_ND,R_1_CSN_6_ND;R_1_CSN_6_ND_C;R_7_ND_2_CSN;R_7_ND_2_CSN_C
1013,GTIZ_NZ_W_21,BMZ_NZ_1_21,Not Critical,TCR_CSN_M_8_L,GTIZC_WZ,0,0,0,0,R_9_CSN_1_CSN;R_9_CSN_1_CSN_C;R_8_CSN_1_CSN;R_8_CSN_1_CSN_C;R_7_ND_1_CSN;R_6_ND_1_CSN;R_7_ND_1_CSN_C;R_6_ND_1_CSN_C
1014,GTIZ_NZ_W_23,BMZ_NZ_1_23,Not Critical,TCR_CSN_M_8_L,GTIZC_WZ,0,0,0,0,R_9_CSN_1_CSN;R_9_CSN_1_CSN_C;R_9_CSN_2_CSN;R_9_CSN_2_CSN_C;R_1_CSN_5_CSN;R_1_CSN_5_CSN_C;R_2_CSN_5_CSN;R_2_CSN_5_CSN_C
1015,GTIZ_NZ_W_31,BMZ_NZ_1_31,Not Critical,TCR_CSN_M_8_L,GTIZC_WZ,0,0,0,SI_7_U_CSN;SI_13_D_CSN,R_100A_CSN_15_CSN;R_100A_CSN_15_CSN_C
1016,GTIZ_NZ_W_41,BMZ_NZ_1_41,Not Critical,TCR_CSN_M_8_L,GTIZC_WZ,0,0,0,SI_7_U_CSN,R_19_CSN_15_CSN;R_18_CSN_15_CSN;R_19_CSN_15_CSN_C;R_18_CSN_15_CSN_C;R_100A_CSN_15_CSN;R_100A_CSN_15_CSN_C
1017,GTIZ_NZ_W_43,BMZ_NZ_1_43;BMZ_NZ_1_45,Not Critical,TCR_CSN_M_8_L,GTIZC_WZ,0,0,0,SI_17_U_CSN;SI_21_D_CSN,R_18_CSN_15_CSN;R_18_CSN_15_CSN_C;R_14_CSN_1_VZG;R_14_CSN_1_VZG_C
1018,GTIZ_NZ_W_25,BMZ_NZ_3_25,Not Critical,TCR_CSN_M_8_L,GTIZC_WZ,0,0,0,0,R_9_CSN_100A_CSN;R_8_CSN_100A_CSN;R_9_CSN_100A_CSN_C;R_8_CSN_100A_CSN_C
1019,GTIZ_NZ_W_20,BMZ_NZ_2_20,Not Critical,TCR_CSN_M_8_L,GTIZC_WZ,0,0,0,0,R_9_CSN_2_CSN;R_8_CSN_2_CSN;R_9_CSN_2_CSN_C;R_8_CSN_2_CSN_C;R_7_ND_2_CSN;R_6_ND_2_CSN;R_7_ND_2_CSN_C;R_6_ND_2_CSN_C
1020,GTIZ_NZ_W_22,BMZ_NZ_2_22,Not Critical,TCR_CSN_M_8_L,GTIZC_WZ,0,0,0,SI_4A_U_CSN,R_1_CSN_4B_CSN;R_1_CSN_4B_CSN_C;R_9_CSN_2_CSN;R_9_CSN_2_CSN_C;R_8_CSN_1_CSN;R_8_CSN_1_CSN_C
1021,GTIZ_NZ_W_24,BMZ_NZ_2_24,Not Critical,TCR_CSN_M_8_L,GTIZC_WZ,0,0,0,SI_4A_U_CSN,R_1_CSN_4B_CSN;R_1_CSN_4B_CSN_C;R_8_CSN_2_CSN;R_8_CSN_2_CSN_C;R_8_CSN_1_CSN;R_8_CSN_1_CSN_C;R_9_CSN_2_CSN;R_9_CSN_2_CSN_C
1022,GTIZ_NZ_W_30,BMZ_NZ_2_30,Not Critical,TCR_CSN_M_8_L,GTIZC_WZ,0,0,0,SI_12_D_CSN;SI_6_U_CSN,R_100A_CSN_14_CSN;R_100A_CSN_14_CSN_C
1023,GTIZ_NZ_W_40,BMZ_NZ_2_40,Not Critical,TCR_CSN_M_8_L,GTIZC_WZ,0,0,0,SI_6_U_CSN,R_19_CSN_14_CSN;R_18_CSN_14_CSN;R_19_CSN_14_CSN_C;R_18_CSN_14_CSN_C;R_100A_CSN_14_CSN;R_100A_CSN_14_CSN_C
1024,GTIZ_NZ_W_42,BMZ_NZ_2_42;BMZ_NZ_2_44,Not Critical,TCR_CSN_M_8_L,GTIZC_WZ,0,0,0,SI_16_U_CSN;SI_20_D_CSN,R_15_CSN_2_VZG;R_15_CSN_2_VZG_C;R_19_CSN_14_CSN;R_19_CSN_14_CSN_C
1025,GTIZ_NZ_W_30_31,BMZ_NZ_1_31;BMZ_NZ_2_30,Not Critical,TCR_CSN_M_8_L,GTIZC_MB,SPKS_NZ_W_30_31,0,0,SI_7_U_CSN;SI_6_U_CSN;SI_12_D_CSN;SI_13_D_CSN;SI_101_U_CSN,0
1026,GTIZ_NZ_W_31_30,BMZ_NZ_2_30;BMZ_NZ_1_31,Not Critical,TCR_CSN_M_8_L,GTIZC_MB,SPKS_NZ_W_31_30,0,0,SI_7_U_CSN;SI_6_U_CSN;SI_12_D_CSN;SI_13_D_CSN;SI_101_U_CSN,0
1027,GTIZ_NZ_W_42_43,BMZ_NZ_44_45,Not Critical,TCR_CSN_M_8_L,GTIZC_MB,SPKS_NZ_W_42_43,0,0,SI_17_U_CSN;SI_16_U_CSN;SI_21_D_CSN;SI_20_D_CSN,0
1028,GTIZ_NZ_W_51,BMZ_NZ_1_51,Not Critical,TCR_VZG_M_8_R,GTIZC_WZ,0,0,0,0,R_5_VZG_1_VZG;R_6_VZG_1_VZG;R_5_VZG_1_VZG_C;R_6_VZG_1_VZG_C;R_15_CSN_1_VZG;R_15_CSN_1_VZG_C;R_14_CSN_1_VZG;R_14_CSN_1_VZG_C
1029,GTIZ_NZ_W_53,BMZ_NZ_1_53;BMZ_NZ_1_55,Not Critical,TCR_VZG_M_8_R,GTIZC_WZ,0,0,0,SI_3_U_VZG;SI_3_D_VZG,R_6_VZG_1_VZG;R_6_VZG_1_VZG_C;R_2_VZG_5_VZG;R_2_VZG_5_VZG_C
1030,GTIZ_NZ_W_61,BMZ_NZ_1_61,Not Critical,TCR_VZG_M_8_R,GTIZC_WZ,0,0,0,0,R_1_VZG_5_VZG;R_9_VZG_5_VZG;R_2_VZG_5_VZG;R_1_VZG_5_VZG_C;R_9_VZG_5_VZG_C;R_2_VZG_5_VZG_C
1031,GTIZ_NZ_W_71,BMZ_NZ_1_63;BMZ_NZ_1_71,Not Critical,TCR_VZG_M_8_R,GTIZC_WZ,0,0,0,SI_7_U_VZG,R_45_ZD_9_VZG;R_34_ZD_9_VZG;R_45_ZD_9_VZG_C;R_34_ZD_9_VZG_C
1032,GTIZ_NZ_W_50,BMZ_NZ_2_50;BMZ_NZ_2_52;BMZ_NZ_2_54,Not Critical,TCR_VZG_M_8_R,GTIZC_WZ,0,0,0,SI_4_D_VZG,R_5_VZG_2_VZG;R_5_VZG_2_VZG_C;R_1_VZG_6_VZG;R_1_VZG_6_VZG_C;R_14_CSN_2_VZG;R_14_CSN_2_VZG_C;R_15_CSN_2_VZG;R_15_CSN_2_VZG_C
1033,GTIZ_NZ_W_60,BMZ_NZ_2_60,Not Critical,TCR_VZG_M_8_R,GTIZC_WZ,0,0,0,SI_8_D_VZG,R_1_VZG_6_VZG;R_2_VZG_6_VZG;R_1_VZG_6_VZG_C;R_2_VZG_6_VZG_C
1034,GTIZ_NZ_W_62,BMZ_NZ_2_62,Not Critical,TCR_VZG_M_8_R,GTIZC_WZ,0,0,0,SI_8_U_VZG;SI_8_D_VZG,0
1035,GTIZ_NZ_W_70,BMZ_NZ_2_70;BMZ_NZ_2_72;BMZ_NZ_2_74,Not Critical,TCR_ZD_M_4A_R,GTIZC_WZ,0,0,0,SI_8_U_VZG;SI_32_D_ZD,R_45_ZD_10_VZG;R_45_ZD_10_VZG_C;R_9_VZG_34_ZD;R_9_VZG_34_ZD_C
1036,GTIZ_NZ_W_73,BMZ_NZ_1_73;BMZ_NZ_1_75,Not Critical,TCR_ZD_M_4A_R,GTIZC_WZ,0,0,0,SI_43_U_ZD;SI_43_D_ZD,R_34_ZD_9_VZG;R_34_ZD_9_VZG_C;R_10_VZG_45_ZD;R_10_VZG_45_ZD_C
1037,GTIZ_NZ_W_81,BMZ_NZ_1_81,Not Critical,TCR_ZD_M_4A_R,GTIZC_WZ,0,0,0,0,R_9_VZG_45_ZD;R_10_VZG_45_ZD;R_9_VZG_45_ZD_C;R_10_VZG_45_ZD_C;R_49_ZD_45_ZD;R_49_ZD_45_ZD_C;R_38_ZD_45_ZD;R_38_ZD_45_ZD_C
1038,GTIZ_NZ_W_83,BMZ_NZ_1_83,Not Critical,TCR_ZD_M_4A_R,GTIZC_WZ,0,0,0,SI_45A_U_ZD,R_49_ZD_45_ZD;R_49_ZD_45_ZD_C;R_38_ZD_45_ZD;R_38_ZD_45_ZD_C
1039,GTIZ_NZ_W_85,BMZ_NZ_1_85,Not Critical,TCR_ZD_M_4A_R,GTIZC_WZ,0,0,0,SI_47_U_ZD,R_49_ZD_45_ZD;R_38_ZD_45_ZD;R_49_ZD_45_ZD_C;R_38_ZD_45_ZD_C
1040,GTIZ_NZ_W_91,BMZ_NZ_1_87;BMZ_NZ_1_89;BMZ_NZ_1_91,Not Critical,TCR_ZD_M_4A_R,GTIZC_WZ,0,0,0,SI_47_U_ZD,R_55_ZD_49_ZD;R_34A_ZD_49_ZD
1041,GTIZ_NZ_W_93,BMZ_NZ_1_93,Not Critical,TCR_ZD_M_4A_R,GTIZC_WZ,0,0,0,SI_51_U_ZD;SI_40_U_ZD;SI_53_D_ZD,0
1042,GTIZ_NZ_W_80,BMZ_NZ_2_80,Not Critical,TCR_ZD_M_4A_R,GTIZC_WZ,0,0,0,0,R_9_VZG_34_ZD;R_10_VZG_34_ZD;R_9_VZG_34_ZD_C;R_10_VZG_34_ZD_C;R_49_ZD_34_ZD;R_38_ZD_34_ZD;R_49_ZD_34_ZD_C;R_38_ZD_34_ZD_C
1043,GTIZ_NZ_W_82,BMZ_NZ_2_82,Not Critical,TCR_ZD_M_4A_R,GTIZC_WZ,0,0,0,SI_34A_U_ZD,R_49_ZD_34_ZD;R_38_ZD_34_ZD;R_49_ZD_34_ZD_C;R_38_ZD_34_ZD_C
1044,GTIZ_NZ_W_84,BMZ_NZ_2_84;BMZ_NZ_2_86,Not Critical,TCR_ZD_M_4A_R,GTIZC_WZ,0,0,0,SI_36_U_ZD;SI_36_D_ZD,R_49_ZD_34_ZD;R_49_ZD_34_ZD_C;R_45A_ZD_38_ZD
1045,GTIZ_NZ_W_88,BMZ_NZ_2_88,Not Critical,TCR_ZD_M_4A_R,GTIZC_WZ,0,0,0,0,R_45A_ZD_38_ZD;R_34A_ZD_38_ZD;R_55_ZD_38_ZD
2001,GTIZ_CT_W_10,BMZ_CT_2_10,Not Critical,TCR_CS_M_1A_L,GTIZC_WZ,0,0,0,0,R_4A_CS_2_CS;R_3A_CS_2_CS_C;R_4A_CS_2_CS_C;R_3A_CS_2_CS
2002,GTIZ_CT_W_11,BMZ_CT_1_11,Not Critical,TCR_CS_M_1A_L,GTIZC_WZ,0,0,0,0,R_3A_CS_1_CS;R_4A_CS_1_CS;R_3A_CS_1_CS_C;R_4A_CS_1_CS_C
2003,GTIZ_CT_W_10_11,BMZ_CT_2_10;BMZ_CT_1_11,Not Critical,TCR_CS_M_1A_L,GTIZC_MB,SPKS_CT_W_10_11,0,0,0,R_3A_CS_2_CS;R_4A_CS_2_CS;R_3A_CS_2_CS_C;R_4A_CS_2_CS_C;R_3A_CS_1_CS;R_4A_CS_1_CS;R_3A_CS_1_CS_C;R_4A_CS_1_CS_C
2004,GTIZ_CT_W_12,BMZ_CT_2_12;BMZ_CT_2_14,Not Critical,TCR_CS_M_1A_L,GTIZC_WZ,0,0,0,SI_4_U_CS;SI_4_D_CS,R_1_CS_2_WPP;R_1_CS_2_WPP_C
2005,GTIZ_CT_W_13,BMZ_CT_1_13;BMZ_CT_1_15,Not Critical,TCR_CS_M_1A_L,GTIZC_WZ,0,0,0,SI_3_U_CS;SI_3_D_CS,R_4A_CS_1_CS;R_4A_CS_1_CS_C;R_2_CS_1_WPP;R_2_CS_1_WPP_C
2006,GTIZ_CT_W_20,BMZ_CT_2_20,Not Critical,TCR_WPP_M_1A_R,GTIZC_WZ,0,0,0,SI_4_D_WPP,R_1_CS_2_WPP;R_1_CS_2_WPP_C;R_2_CS_2_WPP;R_2_CS_2_WPP_C
2007,GTIZ_CT_W_21,BMZ_CT_1_21,Not Critical,TCR_WPP_M_1A_R,GTIZC_WZ,0,0,0,SI_3_D_WPP,R_1_CS_1_WPP;R_1_CS_1_WPP_C;R_2_CS_1_WPP;R_2_CS_1_WPP_C
2008,GTIZ_CT_W_22,BMZ_CT_2_22;BMZ_CT_2_30,Not Critical,TCR_WPP_M_1A_R,GTIZC_WZ,0,0,0,SI_4_U_WPP,R_10_WPP_6_WPP;R_10_WPP_6_WPP_C
2009,GTIZ_CT_W_31,BMZ_CT_1_23;BMZ_CT_1_31;BMZ_CT_1_33;BMZ_CT_1_35,Not Critical,TCR_WPP_M_1A_R,GTIZC_WZ,0,0,0,SI_3_U_WPP;SI_9_D_WPP,R_100C_WPP_11_WPP;R_10_WPP_5_WPP;R_100C_WPP_11_WPP_C;R_10_WPP_5_WPP_C
2010,GTIZ_CT_W_32,BMZ_CT_2_32,Not Critical,TCR_WPP_M_1A_R,GTIZC_WZ,0,0,0,SI_4_U_WPP;SI_8_D_WPP,R_5_WPP_10_WPP;R_100C_WPP_10_WPP;R_5_WPP_10_WPP_C;R_100C_WPP_10_WPP_C
2011,GTIZ_CT_W_37,BMZ_CT_3_37,Not Critical,TCR_WPP_M_1A_R,GTIZC_WZ,0,0,0,0,R_10_WPP_100A_WPP;R_10_WPP_100A_WPP_C;R_10_WPP_5_WPP;R_10_WPP_5_WPP_C;R_5_WPP_10_WPP;R_5_WPP_10_WPP_C;R_11_WPP_100A_WPP;R_11_WPP_100A_WPP_C
2012,GTIZ_CT_W_40,BMZ_CT_2_40,Not Critical,TCR_WPP_M_1A_R,GTIZC_WZ,0,0,0,SI_8_U_WPP,R_5_WPP_10_WPP;R_100C_WPP_10_WPP;R_5_WPP_10_WPP_C;R_100C_WPP_10_WPP_C;R_17_WPP_10_WPP;R_16_WPP_10_WPP;R_17_WPP_10_WPP_C;R_16_WPP_10_WPP_C
2013,GTIZ_CT_W_41,BMZ_CT_1_41;BMZ_CT_1_43,Not Critical,TCR_WPP_M_1A_R,GTIZC_WZ,0,0,0,0,R_5_WPP_11_WPP;R_17_WPP_11_WPP;R_100C_WPP_11_WPP;R_16_WPP_11_WPP;R_17_WPP_11_WPP_C;R_100C_WPP_11_WPP_C;R_16_WPP_11_WPP_C
2014,GTIZ_CT_W_41_32,BMZ_CT_1_41;BMZ_CT_2_32,Not Critical,TCR_WPP_M_1A_R,GTIZC_MB,SPKS_CT_W_41_32,0,0,0,R_5_WPP_11_WPP;R_17_WPP_11_WPP;R_100C_WPP_11_WPP;R_16_WPP_11_WPP;R_17_WPP_11_WPP_C;R_100C_WPP_11_WPP_C;R_16_WPP_11_WPP_C;R_5_WPP_10_WPP;R_11_WPP_100A_WPP;R_10_WPP_100A_WPP;R_10_WPP_5_WPP;R_5_WPP_10_WPP_C;R_11_WPP_100A_WPP_C;R_10_WPP_100A_WPP_C;R_10_WPP_5_WPP_C
2015,GTIZ_CT_W_41_42,BMZ_CT_1_43;BMZ_CT_2_42,Not Critical,TCR_WPP_M_1A_R,GTIZC_MB,SPKS_CT_W_41_42,0,0,SI_12_U_WPP,R_5_WPP_11_WPP;R_17_WPP_11_WPP;R_100C_WPP_11_WPP;R_16_WPP_11_WPP;R_17_WPP_11_WPP_C;R_100C_WPP_11_WPP_C;R_16_WPP_11_WPP_C;R_17_WPP_10_WPP;R_16_WPP_10_WPP;R_17_WPP_10_WPP_C;R_16_WPP_10_WPP_C
2016,GTIZ_CT_W_42,BMZ_CT_2_42,Not Critical,TCR_WPP_M_1A_R,GTIZC_WZ,0,0,0,SI_12_U_WPP,R_17_WPP_10_WPP;R_16_WPP_10_WPP;R_17_WPP_10_WPP_C;R_16_WPP_10_WPP_C
2017,GTIZ_CT_W_51,BMZ_CT_1_45;BMZ_CT_1_47;BMZ_CT_1_51;BMZ_CT_1_53,Not Critical,TCR_WPP_M_1A_R,GTIZC_WZ,0,0,0,0,R_11_WPP_17_WPP;R_10_WPP_17_WPP;R_11_WPP_17_WPP_C;R_10_WPP_17_WPP_C;R_3_SLW_17_WPP;R_4_SLW_17_WPP;R_3_SLW_17_WPP_C;R_4_SLW_17_WPP_C
2018,GTIZ_CT_W_50,BMZ_CT_1_46;BMZ_CT_2_50;BMZ_CT_2_52,Not Critical,TCR_WPP_M_1A_R,GTIZC_WZ,0,0,0,0,R_11_WPP_16_WPP;R_10_WPP_16_WPP;R_3_SLW_16_WPP;R_4_SLW_16_WPP;R_11_WPP_16_WPP_C;R_10_WPP_16_WPP_C;R_3_SLW_16_WPP_C;R_4_SLW_16_WPP_C
2019,GTIZ_CT_W_55,BMZ_CT_1_55,Not Critical,TCR_SLW_M_1A_L,GTIZC_WZ,0,0,0,0,R_3_SLW_17_WPP;R_4_SLW_17_WPP;R_3_SLW_17_WPP_C;R_4_SLW_17_WPP_C
2020,GTIZ_CT_W_61,BMZ_CT_1_57;BMZ_CT_1_61;BMZ_AN_1_11,Not Critical,TCR_SLW_M_1A_L,GTIZC_WZ,0,0,0,SI_5_U_SLW;SI_1_U_SLW,R_4_SLW_17_WPP;R_4_SLW_17_WPP_C;R_2_SLW_3_SLW;R_2_SLW_3_SLW_C
2021,GTIZ_CT_W_54,BMZ_CT_2_54,Not Critical,TCR_SLW_M_1A_L,GTIZC_WZ,0,0,0,SI_2_U_SLW;SI_2A_D_SLW,R_3_SLW_16_WPP;R_3_SLW_16_WPP_C;R_1_SLW_8_SLW;R_1_SLW_8_SLW_C
2022,GTIZ_CT_W_60,BMZ_CT_2_60;BMZ_AN_2_10,Not Critical,TCR_SLW_M_1A_L,GTIZC_WZ,0,0,0,SI_10_D_SLW,R_24_SLW_4_SLW;R_24_SLW_4_SLW_C;R_1_SLW_8_SLW;R_2_SLW_8_SLW;R_1_SLW_8_SLW_C;R_2_SLW_8_SLW_C
2023,GTIZ_GP_W_11,BMZ_GP_3_11,Not Critical,TCR_DMZ_M_5D_L,GTIZC_WZ,0,0,0,0,R_6_DMZ_1_DMZ;R_5_DMZ_1_DMZ;R_6_DMZ_1_DMZ_C;R_5_DMZ_1_DMZ_C;R_7_MDW_1_DMZ;R_15D_MDW_1_DMZ;R_16D_MDW_1_DMZ;R_7_MDW_1_DMZ_C;R_15D_MDW_1_DMZ_C;R_16D_MDW_1_DMZ_C
2024,GTIZ_GP_W_21,BMZ_GP_1_21;BMZ_GP_1_23,Not Critical,TCR_DMZ_M_5D_L,GTIZC_WZ,0,0,0,0,R_6_DMZ_1_DMZ;R_5_DMZ_1_DMZ;R_6_DMZ_1_DMZ_C;R_5_DMZ_1_DMZ_C;R_7_MDW_1_DMZ;R_15D_MDW_1_DMZ;R_16D_MDW_1_DMZ;R_7_MDW_1_DMZ_C;R_15D_MDW_1_DMZ_C;R_16D_MDW_1_DMZ_C
2025,GTIZ_GP_W_31,BMZ_GP_1_25;BMZ_GP_1_31;BMZ_GP_1_33;BMZ_GP_1_35,Not Critical,TCR_DMZ_M_5D_L,GTIZC_WZ,0,0,0,SI_7_519_D_DMZ,R_2_DMZ_5_DMZ;R_1_DMZ_5_DMZ;R_2_DMZ_5_DMZ_C;R_1_DMZ_5_DMZ_C;R_2_GPP_9A_DMZ;R_1_GPP_9A_DMZ;R_2_GPP_9A_DMZ_C;R_1_GPP_9A_DMZ_C
2026,GTIZ_GP_W_10,BMZ_GP_4_10;BMZ_GP_2_20,Not Critical,TCR_DMZ_M_5D_L,GTIZC_WZ,0,0,0,0,R_15D_MDW_2_DMZ;R_16D_MDW_2_DMZ;R_6_DMZ_2_DMZ;R_5_DMZ_2_DMZ;R_15D_MDW_2_DMZ_C;R_16D_MDW_2_DMZ_C;R_6_DMZ_2_DMZ_C;R_5_DMZ_2_DMZ_C;R_8_MDW_2_DMZ;R_8_MDW_2_DMZ_C
2027,GTIZ_GP_W_22,BMZ_GP_2_22,Not Critical,TCR_DMZ_M_5D_L,GTIZC_WZ,0,0,0,0,R_15D_MDW_2_DMZ;R_16D_MDW_2_DMZ;R_6_DMZ_2_DMZ;R_5_DMZ_2_DMZ;R_15D_MDW_2_DMZ_C;R_16D_MDW_2_DMZ_C;R_6_DMZ_2_DMZ_C;R_5_DMZ_2_DMZ_C;R_8_MDW_2_DMZ;R_8_MDW_2_DMZ_C
2028,GTIZ_GP_W_24,BMZ_GP_2_24,Not Critical,TCR_DMZ_M_5D_L,GTIZC_WZ,0,0,0,SI_4_U_DMZ;SI_4_D_DMZ,R_1_DMZ_6_DMZ;R_1_DMZ_6_DMZ_C;R_5_DMZ_2_DMZ;R_5_DMZ_2_DMZ_C
2029,GTIZ_GP_W_30,BMZ_GP_2_30;BMZ_GP_2_32,Not Critical,TCR_DMZ_M_5D_L,GTIZC_WZ,0,0,0,SI_8_D_DMZ;SI_8_517_D_DMZ,R_2_DMZ_6_DMZ;R_1_DMZ_6_DMZ;R_2_DMZ_6_DMZ_C;R_1_DMZ_6_DMZ_C
2030,GTIZ_GP_W_39,BMZ_GP_3_37;BMZ_GP_3_39,Not Critical,TCR_DMZ_M_5D_L,GTIZC_WZ,0,0,0,SI_111_D_DMZ,R_5_DMZ_110_DMZ;R_5_DMZ_110_DMZ_C
2031,GTIZ_GP_W_41,BMZ_GP_1_41,Not Critical,TCR_DMZ_M_5D_L,GTIZC_WZ,0,0,0,0,R_2_GPP_9A_DMZ;R_1_GPP_9A_DMZ;R_2_GPP_9A_DMZ_C;R_1_GPP_9A_DMZ_C;R_5_DMZ_9A_DMZ;R_5_DMZ_9A_DMZ_C
2032,GTIZ_GP_W_40,BMZ_GP_2_40,Not Critical,TCR_DMZ_M_5D_L,GTIZC_WZ,0,0,0,SI_8_U_DMZ,R_2_GPP_10_DMZ;R_1_GPP_10_DMZ;R_2_GPP_10_DMZ_C;R_1_GPP_10_DMZ_C
2033,GTIZ_GP_W_51,BMZ_GP_1_43;BMZ_GP_1_51;BMZ_GP_1_53,Not Critical,TCR_DMZ_M_5D_L,GTIZC_WZ,0,0,0,SI_11_U_DMZ;SI_3_D_GPP,R_2_GPP_9A_DMZ;R_2_GPP_9A_DMZ_C;R_10_DMZ_1_GPP;R_10_DMZ_1_GPP_C
2034,GTIZ_GP_W_42,BMZ_GP_2_42,Not Critical,TCR_DMZ_M_5D_L,GTIZC_WZ,0,0,0,SI_12_U_DMZ;SI_12_D_DMZ,R_1_GPP_10_DMZ;R_1_GPP_10_DMZ_C;R_9A_DMZ_2_GPP;R_9A_DMZ_2_GPP_C
2035,GTIZ_GP_W_50,BMZ_GP_2_44;BMZ_GP_2_50,Not Critical,TCR_GPP_M_5E_L,GTIZC_WZ,0,0,0,SI_4_D_GPP,R_10_DMZ_2_GPP;R_9A_DMZ_2_GPP;R_10_DMZ_2_GPP_C;R_9A_DMZ_2_GPP_C
2036,GTIZ_GP_W_60,BMZ_GP_2_52;BMZ_GP_2_60,Not Critical,TCR_GPP_M_5E_L,GTIZC_WZ,0,0,0,SI_4_U_GPP,R_16_GPP_6_GPP;R_9_GPP_6_GPP;R_16_GPP_6_GPP_C;R_9_GPP_6_GPP_C
2037,GTIZ_GP_W_62,BMZ_GP_2_62,Not Critical,TCR_GPP_M_5E_L,GTIZC_WZ,0,0,0,SI_12_U_GPP,R_16_GPP_6_GPP;R_9_GPP_6_GPP;R_16_GPP_6_GPP_C;R_9_GPP_6_GPP_C
2038,GTIZ_GP_W_70,BMZ_GP_2_70,Not Critical,TCR_GPP_M_5E_L,GTIZC_WZ,0,0,0,0,R_10_GPP_16_GPP;R_20A_GPP_16_GPP;R_120A_GPP_16_GPP;R_130A_GPP_16_GPP;R_7A_GPP_16_GPP;R_13A_GPP_16_GPP;R_100A_GPP_16_GPP;R_10_GPP_16_GPP_C;R_20A_GPP_16_GPP_C;R_120A_GPP_16_GPP_C;R_130A_GPP_16_GPP_C;R_7A_GPP_16_GPP_C;R_13A_GPP_16_GPP_C;R_100A_GPP_16_GPP_C;R_110A_GPP_16_GPP;R_110A_GPP_16_GPP_C
2039,GTIZ_GP_W_61,BMZ_GP_1_61,Not Critical,TCR_GPP_M_5E_L,GTIZC_WZ,0,0,0,SI_3_U_GPP,R_16_GPP_5_GPP;R_9_GPP_5_GPP;R_16_GPP_5_GPP_C;R_9_GPP_5_GPP_C
2040,GTIZ_GP_W_63,BMZ_GP_1_63,Not Critical,TCR_GPP_M_5E_L,GTIZC_WZ,0,0,0,SI_7A_U_GPP;SI_7_D_GPP,R_16_GPP_5_GPP;R_16_GPP_5_GPP_C;R_10_GPP_9_GPP;R_10_GPP_9_GPP_C
2041,GTIZ_GP_W_71,BMZ_GP_1_71,Not Critical,TCR_GPP_M_5E_L,GTIZC_WZ,0,0,0,0,R_10_GPP_9_GPP;R_20A_GPP_9_GPP;R_7A_GPP_9_GPP;R_110A_GPP_9_GPP;R_13A_GPP_9_GPP;R_100A_GPP_9_GPP;R_10_GPP_9_GPP_C;R_20A_GPP_9_GPP_C;R_110A_GPP_9_GPP_C;R_13A_GPP_9_GPP_C;R_100A_GPP_9_GPP_C;R_130A_GPP_9_GPP;R_120A_GPP_9_GPP;R_130A_GPP_9_GPP_C;R_120A_GPP_9_GPP_C;R_7A_GPP_9_GPP_C
2042,GTIZ_PP_W_1,BMZ_PP_50_1;BMZ_PP_1_0;BMZ_PP_2_0;BMZ_PP_3_0,Not Critical,TCR_GPP_M_5E_L,GTIZC_WZ,0,0,0,SI_18_U_GPP,R_9_GPP_20D_GPP;R_9_GPP_120D_GPP;R_9_GPP_130D_GPP;R_9_GPP_20D_GPP_C;R_130A_GPP_9_GPP_C;R_120A_GPP_9_GPP_C;R_20A_GPP_16_GPP;R_120A_GPP_16_GPP;R_130A_GPP_16_GPP;R_13A_GPP_16_GPP;R_100A_GPP_16_GPP;R_20A_GPP_16_GPP_C;R_120A_GPP_16_GPP_C;R_130A_GPP_16_GPP_C;R_13A_GPP_16_GPP_C;R_100A_GPP_16_GPP_C;R_110A_GPP_16_GPP;R_110A_GPP_16_GPP_C
2043,GTIZ_PP_W_2,BMZ_PP_50_2;BMZ_PP_4_0;BMZ_PP_5_0;BMZ_PP_6_0,Not Critical,TCR_GPP_M_5E_L,GTIZC_WZ,0,0,0,SI_11_U_GPP,R_16_GPP_110D_GPP;R_16_GPP_13D_GPP;R_16_GPP_100D_GPP;R_16_GPP_110D_GPP_C;R_16_GPP_13D_GPP_C;R_16_GPP_100D_GPP_C;R_20A_GPP_9_GPP;R_110A_GPP_9_GPP;R_13A_GPP_9_GPP;R_100A_GPP_9_GPP;R_20A_GPP_9_GPP_C;R_110A_GPP_9_GPP_C;R_13A_GPP_9_GPP_C;R_100A_GPP_9_GPP_C;R_130A_GPP_9_GPP;R_120A_GPP_9_GPP;R_130A_GPP_9_GPP_C;R_120A_GPP_9_GPP_C
2044,GTIZ_GN_W_11,BMZ_GN_1_11;BMZ_GN_1_21;BMZ_GN_1_23,Not Critical,TCR_SVT_M_1A_L,GTIZC_WZ,0,0,0,SI_3_D_SVT,R_7_MDW_1_SVT;R_7_MDW_1_SVT_C;R_15D_MDW_1_SVT;R_15D_MDW_1_SVT_C;R_16D_MDW_1_SVT;R_16D_MDW_1_SVT_C
2045,GTIZ_GN_W_31,BMZ_GN_1_31;BMZ_GN_1_33,Not Critical,TCR_SVT_M_1A_L,GTIZC_WZ,0,0,0,SI_3_U_SVT,R_2_BLW_5_SVT;R_1_BLW_5_SVT;R_2_BLW_5_SVT_C;R_1_BLW_5_SVT_C
2046,GTIZ_GN_W_41,BMZ_GN_1_35;BMZ_GN_1_37;BMZ_GN_1_41;BMZ_GN_1_43,Not Critical,TCR_SVT_M_1A_L,GTIZC_WZ,0,0,0,SI_7_U_SVT;SI_3_D_SVT,R_2_BLW_5_SVT;R_2_BLW_5_SVT_C;R_6_SVT_1_BLW;R_6_SVT_1_BLW_C
2047,GTIZ_GN_W_10,BMZ_GN_2_10;BMZ_GN_2_20,Not Critical,TCR_SVT_M_1A_L,GTIZC_WZ,0,0,0,SI_4_D_SVT,R_8_MDW_2_SVT;R_15D_MDW_2_SVT;R_16D_MDW_2_SVT;R_8_MDW_2_SVT_C;R_15D_MDW_2_SVT_C;R_16D_MDW_2_SVT_C
2048,GTIZ_GN_W_30,BMZ_GN_2_22;BMZ_GN_2_30,Not Critical,TCR_SVT_M_1A_L,GTIZC_WZ,0,0,0,SI_4_U_SVT,R_2_BLW_6_SVT;R_2_BLW_6_SVT_C;R_1_BLW_6_SVT;R_1_BLW_6_SVT_C
2049,GTIZ_GN_W_32,BMZ_GN_2_32;BMZ_GN_2_34,Not Critical,TCR_SVT_M_1A_L,GTIZC_WZ,0,0,0,SI_8_U_SVT;SI_8_D_SVT,R_1_BLW_6_SVT;R_1_BLW_6_SVT_C;R_5_SVT_2_BLW;R_5_SVT_2_BLW_C
2050,GTIZ_GN_W_40,BMZ_GN_2_36;BMZ_GN_2_40,Not Critical,TCR_BLW_M_1A_L,GTIZC_WZ,0,0,0,SI_4_D_BLW,R_6_SVT_2_BLW;R_5_SVT_2_BLW;R_6_SVT_2_BLW_C;R_5_SVT_2_BLW_C
2051,GTIZ_GN_W_51,BMZ_GN_1_51;BMZ_GN_1_53,Not Critical,TCR_BLW_M_1A_L,GTIZC_WZ,0,0,0,SI_3_U_BLW,R_101A_BLW_5_BLW;R_101A_BLW_5_BLW_C;R_1_GN_9_BLW;R_1_GN_9_BLW_C
2052,GTIZ_GN_W_57,BMZ_GN_1_57,Not Critical,TCR_BLW_M_1A_L,GTIZC_WZ,0,0,0,SI_11_U_BLW;SI_11_D_BLW,R_10_BLW_1_GN;R_10_BLW_1_GN_C;R_2_GN_9_BLW;R_2_GN_9_BLW_C
2053,GTIZ_GN_W_61,BMZ_GN_1_61;BMZ_GN_1_63,Not Critical,TCR_GN_M_1A_L,GTIZC_WZ,0,0,0,SI_3_D_GN,R_10_BLW_1_GN;R_9_BLW_1_GN;R_10_BLW_1_GN_C;R_9_BLW_1_GN_C
2054,GTIZ_GN_W_55,BMZ_GN_1_55,Not Critical,TCR_BLW_M_1A_L,GTIZC_WZ,0,0,0,0,R_6_BLW_101D_BLW;R_5_BLW_101D_BLW;R_6_BLW_101D_BLW_C;R_5_BLW_101D_BLW_C
2055,GTIZ_GN_W_50,BMZ_GN_2_42;BMZ_GN_2_50,Not Critical,TCR_BLW_M_1A_L,GTIZC_WZ,0,0,0,SI_4_U_BLW;SI_8_D_BLW,R_101A_BLW_6_BLW;R_101A_BLW_6_BLW_C
2056,GTIZ_GN_W_52,BMZ_GN_2_52,Not Critical,TCR_BLW_M_1A_L,GTIZC_WZ,0,0,0,SI_8_U_BLW,R_101A_BLW_6_BLW;R_101A_BLW_6_BLW_C;R_2_GN_10_BLW;R_1_GN_10_BLW;R_2_GN_10_BLW_C;R_1_GN_10_BLW_C
2057,GTIZ_GN_W_60,BMZ_GN_2_54;BMZ_GN_2_60,Not Critical,TCR_BLW_M_1A_L,GTIZC_WZ,0,0,0,SI_4_D_GN,R_10_BLW_2_GN;R_9_BLW_2_GN;R_10_BLW_2_GN_C;R_9_BLW_2_GN_C
2058,GTIZ_GN_W_71,BMZ_GN_1_71;BMZ_GN_1_73,Not Critical,TCR_GN_M_1A_L,GTIZC_WZ,0,0,0,SI_3_U_GN,R_16_GN_5_GN;R_9_GN_5_GN;R_16_GN_5_GN_C;R_9_GN_5_GN_C
2059,GTIZ_GN_W_75,BMZ_GN_1_75,Not Critical,TCR_GN_M_1A_L,GTIZC_WZ,0,0,0,SI_7A_U_GN;SI_7_D_GN,R_16_GN_5_GN;R_16_GN_5_GN_C;R_12_GN_9_GN;R_12_GN_9_GN_C
2060,GTIZ_GN_W_81,BMZ_GN_1_81,Not Critical,TCR_GN_M_1A_L,GTIZC_WZ,0,0,0,0,R_12_GN_9_GN;R_12_GN_9_GN_C;R_20A_GN_9_GN;R_13A_GN_9_GN;R_100A_GN_9_GN;R_110A_GN_9_GN;R_20A_GN_9_GN_C;R_13A_GN_9_GN_C;R_100A_GN_9_GN_C;R_110A_GN_9_GN_C
2061,GTIZ_GN_W_70,BMZ_GN_2_62;BMZ_GN_2_70,Not Critical,TCR_GN_M_1A_L,GTIZC_WZ,0,0,0,SI_4_U_GN,R_16_GN_6_GN;R_9_GN_6_GN;R_16_GN_6_GN_C;R_9_GN_6_GN_C
2062,GTIZ_GN_W_72,BMZ_GN_2_72;BMZ_GN_2_74,Not Critical,TCR_GN_M_1A_L,GTIZC_WZ,0,0,0,SI_12_U_GN,R_16_GN_6_GN;R_9_GN_6_GN;R_16_GN_6_GN_C;R_9_GN_6_GN_C
2063,GTIZ_GN_W_80,BMZ_GN_2_80,Not Critical,TCR_GN_M_1A_L,GTIZC_WZ,0,0,0,SI_14_D_GN,R_12_GN_16_GN;R_7A_GN_16_GN;R_12_GN_16_GN_C;R_7A_GN_16_GN_C
2064,GTIZ_PG_W_1,BMZ_PG_1_0;BMZ_PG_2_0;BMZ_PG_50_2,Not Critical,TCR_GN_M_1A_L,GTIZC_WZ,0,0,0,SI_18_U_GN,R_20A_GN_16_GN;R_13A_GN_16_GN;R_110A_GN_16_GN;R_100A_GN_16_GN;R_20A_GN_16_GN_C;R_13A_GN_16_GN_C;R_110A_GN_16_GN_C;R_100A_GN_16_GN_C
2065,GTIZ_PG_W_2,BMZ_PG_3_0;BMZ_PG_4_0;BMZ_PG_50_1,Not Critical,TCR_GN_M_1A_L,GTIZC_WZ,0,0,0,SI_11_U_GN,R_20A_GN_9_GN;R_13A_GN_9_GN;R_100A_GN_9_GN;R_110A_GN_9_GN;R_20A_GN_9_GN_C;R_13A_GN_9_GN_C;R_100A_GN_9_GN_C;R_110A_GN_9_GN_C
2066,GTIZ_RG_W_12,BMZ_RG_2_12;BMZ_RG_2_14,Not Critical,TCR_EZD_S_3B_R,GTIZC_WZ,0,0,0,0,R_17_ZD_25_ZD;R_17_ZD_25_ZD_C;R_29_ZD_25_ZD;R_29_ZD_25_ZD_C
2067,GTIZ_RG_W_13,BMZ_RG_1_13;BMZ_RG_1_15,Not Critical,TCR_EZD_S_3B_R,GTIZC_WZ,0,0,0,0,R_16_ZD_20_ZD;R_24A_ZD_20_ZD;R_24A_ZD_20_ZD_C;R_16_ZD_20_ZD_C
2068,GTIZ_PZ_W_1,BMZ_PZ_50_1;BMZ_PZ_50_3;BMZ_PZ_4_0;BMZ_PZ_50_4;BMZ_PZ_3_0;BMZ_PZ_50_2,Not Critical,TCR_EZD_S_3B_R,GTIZC_WZ,0,0,0,SI_57_U_ZD,R_154A_ZD_133A_ZD;R_154A_ZD_133A_ZD_C;R_29_ZD_133A_ZD;R_24A_ZD_133A_ZD;R_29_ZD_133A_ZD_C;R_24A_ZD_133A_ZD_C;R_154A_ZD_142A_ZD;R_154A_ZD_142A_ZD_C;R_29_ZD_142A_ZD;R_24A_ZD_142A_ZD;R_29_ZD_142A_ZD_C;R_24A_ZD_142A_ZD_C;R_29_ZD_152A_ZD;R_29_ZD_152A_ZD_C;R_29_ZD_161A_ZD;R_29_ZD_161A_ZD_C;R_17_ZD_132E_ZD;R_17_ZD_132E_ZD_C;R_16_ZD_132E_ZD;R_16_ZD_132E_ZD_C;R_17_ZD_141E_ZD;R_16_ZD_141E_ZD;R_16_ZD_141E_ZD_C;R_17_ZD_141E_ZD_C;R_17_ZD_151E_ZD;R_17_ZD_151E_ZD_C;R_17_ZD_160E_ZD;R_17_ZD_160E_ZD_C
2069,GTIZ_PZ_W_2,BMZ_PZ_50_5;BMZ_PZ_1_0;BMZ_PZ_50_7;BMZ_PZ_2_0;BMZ_PZ_50_6;BMZ_PZ_5_0,Not Critical,TCR_EZD_S_3B_R,GTIZC_WZ,0,0,0,0,R_154A_ZD_133A_ZD;R_154A_ZD_133A_ZD_C;R_24A_ZD_133A_ZD;R_24A_ZD_133A_ZD_C;R_154A_ZD_142A_ZD;R_154A_ZD_142A_ZD_C;R_24A_ZD_142A_ZD;R_24A_ZD_142A_ZD_C;R_154A_ZD_152A_ZD;R_154A_ZD_152A_ZD_C;R_29_ZD_152A_ZD;R_24A_ZD_152A_ZD;R_29_ZD_152A_ZD_C;R_24A_ZD_152A_ZD_C;R_29_ZD_161A_ZD;R_24A_ZD_161A_ZD;R_29_ZD_161A_ZD_C;R_24A_ZD_161A_ZD_C;R_154A_ZD_161A_ZD;R_154A_ZD_161A_ZD_C;R_16_ZD_132E_ZD;R_16_ZD_132E_ZD_C;R_17_ZD_141E_ZD;R_17_ZD_141E_ZD_C;R_17_ZD_151E_ZD;R_16_ZD_151E_ZD;R_16_ZD_151E_ZD_C;R_17_ZD_151E_ZD_C;R_17_ZD_160E_ZD;R_16_ZD_160E_ZD;R_16_ZD_160E_ZD_C;R_17_ZD_160E_ZD_C
2070,GTIZ_RG_W_10,BMZ_RG_2_10,Not Critical,TCR_SET_S_4A_R,GTIZC_WZ,0,0,0,SI_23_D_ZD;SI_19_U_ZD;SI_120_D_ZD,R_132A_ZD_11_ZD;R_141A_ZD_11_ZD;R_151A_ZD_11_ZD;R_160A_ZD_11_ZD;R_132A_ZD_11_ZD_C;R_141A_ZD_11_ZD_C;R_151A_ZD_11_ZD_C;R_160A_ZD_11_ZD_C
2072,GTIZ_AW_W_30,BMZ_AW_2_30;BMZ_AW_2_26,Not Critical,TCR_SET_S_4A_R,GTIZC_WZ,0,0,0,SI_23_D_ZD;SI_120_D_ZD;SI_9_1805_U_ZD;SI_3_U_ZD,R_2A_ZD_7_ZD;R_2A_ZD_7_ZD_C;R_132A_ZD_11_ZD;R_141A_ZD_11_ZD;R_151A_ZD_11_ZD;R_160A_ZD_11_ZD;R_132A_ZD_11_ZD_C;R_141A_ZD_11_ZD_C;R_151A_ZD_11_ZD_C;R_160A_ZD_11_ZD_C
2073,GTIZ_AW_W_1,BMZ_AW_4_1;BMZ_AW_4_2,Not Critical,TCR_SET_S_4A_R,GTIZC_WZ,0,0,0,0,R_1A_ZD_102D_ZD;R_2A_ZD_102D_ZD;R_1A_ZD_102D_ZD_C;R_2A_ZD_102D_ZD_C;R_11_ZD_104A_ZD;R_11_ZD_104A_ZD_C;R_111A_ZD_102A_ZD;R_10_ZD_102A_ZD;R_111A_ZD_102A_ZD_C;R_10_ZD_102A_ZD_C
2074,GTIZ_AW_W_22,BMZ_AW_2_22;BMZ_AW_2_24,Not Critical,TCR_SET_S_4A_R,GTIZC_WZ,0,0,0,SI_5_D_ZD;SI_3_U_ZD,R_11_ZD_1_ZD;R_11_ZD_2_ZD;R_11_ZD_1_ZD_C;R_11_ZD_2_ZD_C;R_2A_ZD_7_ZD;R_2A_ZD_7_ZD_C;R_2A_ZD_102D_ZD;R_2A_ZD_102D_ZD_C
2075,GTIZ_AW_W_20,BMZ_AW_2_20,Not Critical,TCR_SET_S_4A_R,GTIZC_WZ,0,0,0,0,R_102A_ZD_1_ZD;R_102A_ZD_1_ZD_C;R_11_ZD_1_ZD;R_11_ZD_1_ZD_C;R_15_OAS_1A_ZD;R_3_OAS_1A_ZD;R_6_OAS_1A_ZD;R_15_OAS_1A_ZD_C;R_3_OAS_1A_ZD_C;R_6_OAS_1A_ZD_C
2076,GTIZ_AW_W_31,BMZ_AW_1_31;BMZ_AWRG_1_11,Not Critical,TCR_SET_S_4A_R,GTIZC_WZ,0,0,0,SI_18A_U_ZD,R_132A_ZD_10_ZD;R_141A_ZD_10_ZD;R_151A_ZD_10_ZD;R_160A_ZD_10_ZD;R_132A_ZD_10_ZD_C;R_141A_ZD_10_ZD_C;R_151A_ZD_10_ZD_C;R_160A_ZD_10_ZD_C;R_102D_ZD_16_ZD;R_102D_ZD_16_ZD_C;R_6B_ZD_16_ZD;R_6B_ZD_16_ZD_C
2077,GTIZ_AW_W_25,BMZ_AW_1_25;BMZ_AW_1_27,Not Critical,TCR_SET_S_4A_R,GTIZC_WZ,0,0,0,SI_8_D_ZD,R_2A_ZD_6B_ZD;R_2_ZD_6B_ZD_C;R_102D_ZD_16_ZD;R_102D_ZD_16_ZD_C;R_111A_ZD_6A_ZD;R_111A_ZD_6A_ZD_C
2078,GTIZ_AW_W_21,BMZ_AW_1_21;BMZ_AW_1_23,Not Critical,TCR_SET_S_4A_R,GTIZC_WZ,0,0,0,SI_4_D_ZD,R_11_ZD_2_ZD;R_11_ZD_2_ZD_C;R_102A_ZD_2_ZD;R_102A_ZD_2_ZD_C;R_15_OAS_2A_ZD;R_3_OAS_2A_ZD;R_6_OAS_2A_ZD;R_15_OAS_2A_ZD_C;R_3_OAS_2A_ZD_C;R_6_OAS_2A_ZD_C
2079,GTIZ_AV_W_31,BMZ_AV_3_13;BMZ_AV_1_31,Not Critical,TCR_SET_S_4A_R,GTIZC_WZ,0,0,0,SI_112_D_ZD,R_6B_ZD_111B_ZD;R_6B_ZD_111B_ZD_C;R_102D_ZD_111B_ZD;R_102D_ZD_111B_ZD_C
2080,GTIZ_AV_W_21,BMZ_AV_1_21,Not Critical,TCR_SET_S_4A_R,GTIZC_WZ,0,0,0,0,R_111A_ZD_102A_ZD;R_10_ZD_102A_ZD;R_111A_ZD_102A_ZD_C;R_10_ZD_102A_ZD_C;R_102D_ZD_111B_ZD;R_102D_ZD_111B_ZD_C
2081,GTIZ_AV_W_11,BMZ_AV_1_11,Not Critical,TCR_SET_S_4A_R,GTIZC_WZ,0,0,0,0,R_17_ZD_122_ZD
2082,GTIZ_AV_W_10,BMZ_AV_1_10,Not Critical,TCR_SET_S_4A_R,GTIZC_WZ,0,0,0,SI_112_U_ZD,0
2083,GTIZ_AW_W_16,BMZ_AW_2_16,Not Critical,TCR_OAS_M_4A_L,GTIZC_WZ,0,0,0,SI_11_D_OAS,R_15_OAS_1A_ZD;R_3_OAS_1A_ZD;R_6_OAS_1A_ZD;R_15_OAS_1A_ZD_C;R_3_OAS_1A_ZD_C;R_6_OAS_1A_ZD_C;R_15_OAS_2A_ZD;R_3_OAS_2A_ZD;R_15_OAS_2A_ZD_C;R_3_OAS_2A_ZD_C
2084,GTIZ_AW_W_14,BMZ_AW_2_14,Not Critical,TCR_OAS_M_4A_L,GTIZC_WZ,0,0,0,SI_9_1865_U_OAS;SI_9_U_OAS,R_1_ZD_15_OAS;R_2_ZD_15_OAS;R_1_ZD_15_OAS_C;R_2_ZD_15_OAS_C;R_1_ZD_3_OAS;R_2_ZD_3_OAS;R_1_ZD_3_OAS_C;R_2_ZD_3_OAS_C
2085,GTIZ_AW_W_10,BMZ_AW_4_10;BMZ_AW_2_10;BMZ_AW_2_12,Not Critical,TCR_OAS_M_4A_L,GTIZC_WZ,0,0,0,0,R_1_ZD_15_OAS;R_2_ZD_15_OAS;R_1_ZD_15_OAS_C;R_2_ZD_15_OAS_C;R_1_ZD_3_OAS;R_2_ZD_3_OAS;R_1_ZD_3_OAS_C;R_2_ZD_3_OAS_C;R_8_MDW_15_OAS;R_16A_MDW_15_OAS;R_8_MDW_15_OAS_C;R_16A_MDW_15_OAS_C;R_15_SLW_3_OAS;R_24_SLW_3_OAS;R_15_SLW_3_OAS_C;R_24_SLW_3_OAS_C
2086,GTIZ_AW_W_17,BMZ_AW_1_17,Not Critical,TCR_OAS_M_4A_L,GTIZC_WZ,0,0,0,SI_8_D_OAS,R_15_OAS_2A_ZD;R_3_OAS_2A_ZD;R_6_OAS_2A_ZD;R_15_OAS_2A_ZD_C;R_3_OAS_2A_ZD_C;R_6_OAS_2A_ZD_C
2087,GTIZ_AW_W_11,BMZ_AW_1_15;BMZ_AW_1_11;BMZ_AW_1_13,Not Critical,TCR_OAS_M_4A_L,GTIZC_WZ,0,0,0,SI_8_D_OAS;SI_4_U_OAS;SI_4_1871_U_OAS,R_1_ZD_6_OAS;R_1_ZD_6_OAS_C;R_15_OAS_2A_ZD;R_3_OAS_2A_ZD;R_6_OAS_2A_ZD;R_15_OAS_2A_ZD_C;R_3_OAS_2A_ZD_C;R_6_OAS_2A_ZD_C
2088,GTIZ_BN_W_25,BMZ_BN_3_25;BMZ_BN_3_27,Not Critical,TCR_SLW_M_1A_L,GTIZC_WZ,0,0,0,SI_1_D_OAS,R_15_SLW_3_OAS;R_24_SLW_3_OAS;R_15_SLW_3_OAS_C;R_24_SLW_3_OAS_C
2089,GTIZ_BN_W_11,BMZ_BN_1_11;BMZ_BN_3_21;BMZ_BN_3_23;BMZ_PA_50_1,Not Critical,TCR_SLW_M_1A_L,GTIZC_WZ,0,0,0,SI_110_D_SLW,R_7_SLW_111_LCM;R_7_SLW_111_LCM_C;R_3_SLW_15_SLW;R_3_SLW_15_SLW_C;R_100B_SLW_15_SLW;R_100B_SLW_15_SLW_C;R_1_OAS_15_SLW;R_1_OAS_15_SLW_C;R_2_OAS_15_SLW;R_2_OAS_15_SLW_C
2090,GTIZ_BN_W_13,BMZ_BN_5_13,Not Critical,TCR_SLW_M_1A_L,GTIZC_WZ,0,0,0,0,R_15_SLW_100A_SLW;R_24_SLW_100A_SLW;R_15_SLW_100A_SLW_C;R_24_SLW_100A_SLW_C
2091,GTIZ_BN_W_26,BMZ_BN_4_26;BMZ_BZ_5_11,Not Critical,TCR_OAS_M_4A_L,GTIZC_WZ,0,0,0,SI_4_1871_U_OAS;SI_4_D_OAS,R_15_SLW_2_OAS;R_24_SLW_2_OAS;R_15_SLW_2_OAS_C;R_24_SLW_2_OAS_C
2092,GTIZ_BN_W_10,BMZ_BN_4_10;BMZ_BN_4_20;BMZ_BN_4_22;BMZ_BN_4_24,Not Critical,TCR_SLW_M_1A_L,GTIZC_WZ,0,0,0,SI_26_D_SLW;SI_26_315_D_SLW,R_8_SLW_24_SLW;R_100B_SLW_24_SLW;R_8_SLW_24_SLW_C;R_100B_SLW_24_SLW_C;R_1_OAS_24_SLW;R_1_OAS_24_SLW_C
2093,GTIZ_AN_W_12,BMZ_AN_2_12;BMZ_AN_2_14;BMZ_AN_2_16;BMZ_AN_2_18,Not Critical,TCR_SLW_M_1A_L,GTIZC_WZ,0,0,0,SI_10_U_SLW;SI_14_313_D_SLW,0
2094,GTIZ_AN_W_13,BMZ_AN_1_13;BMZ_AN_1_15;BMZ_AN_1_17,Not Critical,TCR_SLW_M_1A_L,GTIZC_WZ,0,0,0,SI_5_U_SLW,R_111_LCM_7_SLW;R_111_LCM_7_SLW_C;R_7_MDW_11_SLW;R_15A_MDW_11_SLW;R_7_MDW_11_SLW_C;R_15A_MDW_11_SLW_C
2095,GTIZ_AZ_W_10,BMZ_AZ_2_10;BMZ_AZ_2_12,Not Critical,TCR_MDW_M_1A_L,GTIZC_WZ,0,0,0,SI_6_D_MDW,R_12_SLW_2_MDW;R_12_SLW_2_MDW_C;R_13_OAS_8_MDW;R_13_OAS_8_MDW_C;R_16A_MDW_16_SLW;R_16A_MDW_16_SLW_C
2096,GTIZ_AZ_W_11,BMZ_AZ_1_11;BMZ_AZ_1_13,Not Critical,TCR_MDW_M_1A_L,GTIZC_WZ,0,0,0,SI_5_D_MDW,R_10_OAS_7_MDW;R_10_OAS_7_MDW_C;R_7_SLW_1_MDW;R_7_SLW_1_MDW_C
2097,GTIZ_AZ_W_20,BMZ_AZ_2_20;BMZ_AZ_2_22,Not Critical,TCR_MDW_M_1A_L,GTIZC_WZ,0,0,0,SI_10_D_MDW,R_13_OAS_8_MDW;R_13_OAS_8_MDW_C;R_2_DMZ_8_MDW;R_2_DMZ_8_MDW_C;R_2_MDW_8_MDW;R_2_MDW_8_MDW_C
2098,GTIZ_AZ_W_21,BMZ_AZ_1_21;BMZ_AZ_1_23,Not Critical,TCR_MDW_M_1A_L,GTIZC_WZ,0,0,0,SI_9_D_MDW,R_1_DMZ_7_MDW;R_1_DMZ_7_MDW_C;R_10_OAS_7_MDW;R_10_OAS_7_MDW_C;R_1_MDW_7_MDW;R_1_MDW_7_MDW_C
2099,GTIZ_AZ_W_22,BMZ_AZ_4_20;BMZ_AZ_4_22;BMZ_AZ_4_24,Not Critical,TCR_MDW_M_1A_L,GTIZC_WZ,0,0,0,SI_20_D_MDW,R_2_MDW_16D_MDW;R_135D_LCM_16D_MDW;R_142D_LCM_16D_MDW;R_152D_LCM_16D_MDW;R_163D_LCM_16D_MDW;R_115D_LCM_16D_MDW;R_2_MDW_16D_MDW_C;R_135D_LCM_16D_MDW_C;R_142D_LCM_16D_MDW_C;R_152D_LCM_16D_MDW_C;R_163D_LCM_16D_MDW_C;R_115D_LCM_16D_MDW_C;R_180D_LCM_16D_MDW;R_180D_LCM_16D_MDW_C;R_13_OAS_16D_MDW;R_13_OAS_16D_MDW_C;R_2_SVT_16A_MDW;R_2_SVT_16A_MDW_C;R_1_DMZ_16A_MDW;R_1_DMZ_16A_MDW_C;R_1_SVT_16A_MDW;R_1_SVT_16A_MDW_C
2100,GTIZ_AZ_W_23,BMZ_AZ_3_21;BMZ_AZ_3_23;BMZ_AZ_3_25,Not Critical,TCR_MDW_M_1A_L,GTIZC_WZ,0,0,0,SI_19_D_MDW,R_1_MDW_15D_MDW;R_1_SVT_15A_MDW;R_10_OAS_15D_MDW;R_2_DMZ_15A_MDW;R_152D_LCM_15D_MDW;R_163D_LCM_15D_MDW;R_115D_LCM_15D_MDW;R_142D_LCM_15D_MDW;R_1_MDW_15D_MDW_C;R_1_SVT_15A_MDW_C;R_10_OAS_15D_MDW_C;R_2_DMZ_15A_MDW_C;R_152D_LCM_15D_MDW_C;R_163D_LCM_15D_MDW_C;R_115D_LCM_15D_MDW_C;R_142D_LCM_15D_MDW_C;R_135D_LCM_15D_MDW;R_180D_LCM_15D_MDW;R_2_SVT_15A_MDW;R_135D_LCM_15D_MDW_C;R_180D_LCM_15D_MDW_C;R_2_SVT_15A_MDW_C
2101,GTIZ_BZ_W_10,BMZ_BZ_6_12;BMZ_BZ_6_10,Not Critical,TCR_MDW_M_1A_L,GTIZC_WZ,0,0,0,SI_13_D_OAS,R_8_MDW_15_OAS;R_16A_MDW_15_OAS;R_8_MDW_15_OAS_C;R_16A_MDW_15_OAS_C
2102,GTIZ_BZ_W_13,BMZ_BZ_5_13;BMZ_BZ_5_15,Not Critical,TCR_OAS_M_4A_L,GTIZC_WZ,0,0,0,0,R_6_OAS_10_OAS;R_6_OAS_10_OAS_C;R_7_MDW_10_OAS;R_15A_MDW_10_OAS;R_7_MDW_10_OAS_C;R_10_OAS_15D_MDW_C;R_15A_MDW_10_OAS_C
2103,GTIZ_AZ_W_12,BMZ_AZ_4_12;BMZ_AZ_4_10,Not Critical,TCR_MDW_M_1A_L,GTIZC_WZ,0,0,0,SI_14_D_MDW,R_2_MDW_16D_MDW;R_135D_LCM_16D_MDW;R_142D_LCM_16D_MDW;R_152D_LCM_16D_MDW;R_163D_LCM_16D_MDW;R_115D_LCM_16D_MDW;R_2_MDW_16D_MDW_C;R_135D_LCM_16D_MDW_C;R_142D_LCM_16D_MDW_C;R_152D_LCM_16D_MDW_C;R_163D_LCM_16D_MDW_C;R_115D_LCM_16D_MDW_C;R_180D_LCM_16D_MDW;R_180D_LCM_16D_MDW_C
2104,GTIZ_AZ_W_13,BMZ_AZ_3_11;BMZ_AZ_3_13,Not Critical,TCR_MDW_M_1A_L,GTIZC_WZ,0,0,0,SI_13_D_MDW,R_1_MDW_15D_MDW;R_152D_LCM_15D_MDW;R_163D_LCM_15D_MDW;R_115D_LCM_15D_MDW;R_142D_LCM_15D_MDW;R_1_MDW_15D_MDW_C;R_152D_LCM_15D_MDW_C;R_163D_LCM_15D_MDW_C;R_115D_LCM_15D_MDW_C;R_142D_LCM_15D_MDW_C;R_135D_LCM_15D_MDW;R_180D_LCM_15D_MDW;R_135D_LCM_15D_MDW_C;R_180D_LCM_15D_MDW_C
2105,GTIZ_PA_W_1,BMZ_PA_3_1;BMZ_PA_50_3;BMZ_PA_3_2,Not Critical,TCR_LCM_M_1,GTIZC_WZ,0,0,0,SI_112_D_LCM,R_15_SLW_111_LCM;R_15_SLW_111_LCM_C;R_131_LCM_170_LCM;R_131_LCM_170_LCM_C;R_7_SLW_111_LCM;R_7_SLW_111_LCM_C;R_131_LCM_113D_LCM;R_131_LCM_113D_LCM_C
2106,GTIZ_PA_W_4,BMZ_PA_50_20;BMZ_PA_50_18;BMZ_PA_7_0;BMZ_PA_8_0;BMZ_PA_50_10;BMZ_PA_50_12,Not Critical,TCR_LCM_M_2,GTIZC_WZ,0,0,0,SI_133_U_LCM,R_111_LCM_134D_LCM;R_131_LCM_134D_LCM;R_111_LCM_134D_LCM_C;R_131_LCM_134D_LCM_C;R_111_LCM_141D_LCM;R_131_LCM_141D_LCM;R_111_LCM_141D_LCM_C;R_131_LCM_141D_LCM_C;R_16A_MDW_152A_LCM;R_16A_MDW_152A_LCM_C;R_15A_MDW_152A_LCM;R_15A_MDW_152A_LCM_C;R_16A_MDW_163A_LCM;R_16A_MDW_142A_LCM;R_16A_MDW_135A_LCM;R_16A_MDW_115A_LCM;R_16A_MDW_163A_LCM_C;R_16A_MDW_142A_LCM_C;R_16A_MDW_135A_LCM_C;R_16A_MDW_115A_LCM_C;R_16A_MDW_180A_LCM;R_16A_MDW_180A_LCM_C;R_15A_MDW_142A_LCM;R_15A_MDW_135A_LCM;R_15A_MDW_142A_LCM_C;R_15A_MDW_135A_LCM_C;R_125A_LCM_132A_LCM;R_125A_LCM_111_LCM;R_125A_132A_LCM_C;R_125A_LCM_111_LCM_C;R_125A_LCM_190A_LCM;R_125A_190A_LCM_C;R_111_LCM_125D_LCM;R_111_LCM_125D_LCM_C
2107,GTIZ_PA_W_2,BMZ_PA_9_1;BMZ_PA_50_4;BMZ_PA_9_2;BMZ_PA_50_14;BMZ_PA_9_0;BMZ_PA_8_1;BMZ_PA_50_2;BMZ_PA_50_6;BMZ_PA_50_8;BMZ_PA_8_2,Not Critical,TCR_LCM_M_1,GTIZC_WZ,0,0,0,SI_133_D_LCM;SI_140_D_LCM;SI_160_375_D_LCM;SI_160_D_LCM,R_24_SLW_190D_LCM;R_24_SLW_190D_LCM_C;R_12_SLW_121D_LCM;R_12_SLW_121D_LCM_C;R_113A_LCM_121A_LCM;R_113A_LCM_190A_LCM;R_113A_190A_LCM_C;R_170_LCM_190A_LCM;R_170_LCM_121A_LCM;R_170_190A_LCM_C;R_170_121A_LCM_C;R_113A_121A_LCM_C
2108,GTIZ_PA_W_3,BMZ_PA_50_16;BMZ_PA_5_0;BMZ_PA_6_0,Not Critical,TCR_LCM_M_1,GTIZC_WZ,0,0,0,0,R_111_LCM_161D_LCM;R_131_LCM_161D_LCM;R_111_LCM_161D_LCM_C;R_131_LCM_161D_LCM_C;R_16A_MDW_152A_LCM;R_16A_MDW_152A_LCM_C;R_15A_MDW_152A_LCM;R_15A_MDW_152A_LCM_C;R_16A_MDW_163A_LCM;R_16A_MDW_163A_LCM_C;R_15A_MDW_163A_LCM;R_15A_MDW_163A_LCM_C
2109,GTIZ_CT_W_44,BMZ_CT_2_44,Not Critical,TCR_WPP_M_1A_R,GTIZC_WZ,0,0,0,SI_12_U_WPP;SI_14_D_WPP,R_11_WPP_16_WPP;R_11_WPP_16_WPP_C;R_17_WPP_10_WPP;R_17_WPP_10_WPP_C
2110,GTIZ_RG_W_11,BMZ_RG_1_11,Not Critical,TCR_SET_S_4A_R,GTIZC_WZ,0,0,0,SI_120_D_ZD;SI_57_U_ZD,R_17_ZD_122_ZD
2111,GTIZ_PA_W_5,BMZ_PA_4_1,Not Critical,TCR_LCM_M_1,GTIZC_WZ,0,0,0,SI_114_421_D_LCM;SI_114_D_LCM,R_131_LCM_113D_LCM;R_131_LCM_113D_LCM_C;R_111_LCM_113D_LCM;R_111_LCM_113D_LCM_C
2112,GTIZ_PA_W_6,BMZ_PA_50_9;BMZ_PA_50_7;BMZ_PA_3_3;BMZ_PA_4_2;BMZ_PA_50_5,Not Critical,TCR_LCM_M_1,GTIZC_WZ,0,0,0,SI_114_U_LCM;SI_164_U_LCM,R_152D_LCM_15D_MDW;R_152D_LCM_15D_MDW_C;R_142D_LCM_15D_MDW;R_142D_LCM_15D_MDW_C;R_135D_LCM_15D_MDW;R_135D_LCM_15D_MDW_C;R_15A_MDW_163A_LCM;R_15A_MDW_163A_LCM_C;R_15A_MDW_142A_LCM;R_15A_MDW_135A_LCM;R_15A_MDW_142A_LCM_C;R_15A_MDW_135A_LCM_C;R_15A_MDW_152A_LCM;R_15A_MDW_152A_LCM_C;R_15A_MDW_180A_LCM;R_15A_MDW_115A_LCM;R_15A_MDW_180A_LCM_C;R_15A_MDW_115A_LCM_C;R_16A_MDW_163A_LCM;R_16A_MDW_152A_LCM;R_16A_MDW_142A_LCM;R_16A_MDW_135A_LCM;R_16A_MDW_115A_LCM;R_16A_MDW_163A_LCM_C;R_16A_MDW_152A_LCM_C;R_16A_MDW_142A_LCM_C;R_16A_MDW_135A_LCM_C;R_16A_MDW_115A_LCM_C;R_16A_MDW_180A_LCM;R_16A_MDW_180A_LCM_C
